{"cameraMode":{"drawMode":0,"name":"Shaded","section":"Shading Mode"},"sceneLighting":true,"audioPlay":false,"sceneViewState":{"m_AlwaysRefresh":false,"showFog":true,"showSkybox":true,"showFlares":true,"showImageEffects":true,"showParticleSystems":true,"showVisualEffectGraphs":true,"m_FxEnabled":true},"in2DMode":false,"pivot":{"x":87.3538818359375,"y":2.985525608062744,"z":10.621965408325196},"rotation":{"x":0.21208927035331727,"y":0.14073267579078675,"z":-0.03087897226214409,"w":0.9665755033493042},"size":23.845848083496095,"orthographic":false}